{
  "xscalers": {
    "0": {
      "mean": [
        0.02756488931249887,
        0.02766596965920049,
        0.02706593620390576,
        0.026692275772464052,
        0.02723178251325355,
        0.02758891178908319,
        0.02697947223923685,
        0.02723908330655202
      ],
      "scale": [
        0.01603410780432141,
        0.016339522363934045,
        0.015342635644204582,
        0.015293729094764851,
        0.01545204641104791,
        0.015428618833699564,
        0.01523405233419546,
        0.014969210299378524
      ]
    },
    "1": {
      "mean": [
        0.06985968050933467,
        0.07009839996704595,
        0.0672297239200758,
        0.08310452909967254,
        0.07830660233915636,
        0.08006955790113722,
        0.07474849799868065,
        0.0725080691546821
      ],
      "scale": [
        0.09267582727252113,
        0.09507840676286253,
        0.09344208178232113,
        0.1094957350927749,
        0.10560125605108187,
        0.10741869753859924,
        0.10513549009138021,
        0.09959597956005921
      ]
    },
    "10": {
      "mean": [
        0.06357767838666979,
        0.06212506940282791,
        0.06448619946511555,
        0.06313698200958838,
        0.0616606529191949,
        0.0606627037678065,
        0.06139414594138847,
        0.06302571745534895
      ],
      "scale": [
        0.025602869738101827,
        0.023718092292862335,
        0.023197213364547723,
        0.02524903450149033,
        0.025898488668473347,
        0.0255972053552217,
        0.02393406155886879,
        0.024898300556931825
      ]
    },
    "11": {
      "mean": [
        0.022469020471939518,
        0.022205976168389888,
        0.022354289299681935,
        0.0217807420929674,
        0.02209965437530617,
        0.022907415520730477,
        0.02240005229805977,
        0.022719539223281338
      ],
      "scale": [
        0.012111280270599899,
        0.011920486450526555,
        0.01168652139544899,
        0.0113570951674428,
        0.011379041780915563,
        0.011369906179317076,
        0.010837111387435013,
        0.011313262460865952
      ]
    },
    "12": {
      "mean": [
        0.04332305621196512,
        0.04130446521329984,
        0.04216461449973398,
        0.041190946728880413,
        0.040977970734569526,
        0.04116100380554063,
        0.041811748117567465,
        0.04301258148990442
      ],
      "scale": [
        0.0305307788506384,
        0.03048659969417607,
        0.03079839411256824,
        0.030989572993656383,
        0.03051890544414936,
        0.03005464865343773,
        0.029706673579764784,
        0.030755119318858343
      ]
    },
    "13": {
      "mean": [
        0.09530811283964284,
        0.09922409252059093,
        0.09729825654541185,
        0.0926872106982698,
        0.09203186749391917,
        0.09043441895014045,
        0.0994845338320603,
        0.09474954177804136
      ],
      "scale": [
        0.06649393495928378,
        0.06464534421412917,
        0.06528566895850497,
        0.0657577769384195,
        0.06723461333049252,
        0.05948336547683745,
        0.06741114945777217,
        0.06566194396093489
      ]
    },
    "14": {
      "mean": [
        0.10455463538900102,
        0.10832129165735546,
        0.10449749681382914,
        0.10468186488488374,
        0.10546447305946773,
        0.1023941224397659,
        0.10414755242480671,
        0.1021478511231474
      ],
      "scale": [
        0.1052194467868568,
        0.10631403490006912,
        0.10195216057612079,
        0.1016966056502811,
        0.10022403913025296,
        0.09850938557460102,
        0.10089927957090811,
        0.09838174058234501
      ]
    },
    "15": {
      "mean": [
        0.07107882583508594,
        0.06982637447631443,
        0.06983858121515726,
        0.06827802838198911,
        0.06926564548470991,
        0.069863276704439,
        0.06794241203968068,
        0.06893423206475371
      ],
      "scale": [
        0.01960864970070625,
        0.02199850597832202,
        0.019561634421383915,
        0.019359938192569846,
        0.020090094978709935,
        0.021338823054943484,
        0.019448863795949914,
        0.020213752721668348
      ]
    },
    "16": {
      "mean": [
        0.03669511210699531,
        0.03665217376500232,
        0.03781320493690828,
        0.03599962017760835,
        0.03743287646452314,
        0.03903628414227073,
        0.038940756711823246,
        0.03713559871315967
      ],
      "scale": [
        0.038363439356712374,
        0.037370670618874474,
        0.039165993347573425,
        0.03714462780410992,
        0.03882735221853901,
        0.03954974138850325,
        0.03926047900771174,
        0.0314576880095741
      ]
    },
    "17": {
      "mean": [
        0.025699543572563575,
        0.024810167466492023,
        0.025796604047240254,
        0.025490168512592375,
        0.025525071944069964,
        0.025101210683013405,
        0.025608750603723914,
        0.02622822447757179
      ],
      "scale": [
        0.019519982271869546,
        0.019146494046151083,
        0.0195211520183907,
        0.01894245948632731,
        0.019078193960067408,
        0.01852435944772033,
        0.018341426539647515,
        0.018564122771929658
      ]
    },
    "18": {
      "mean": [
        0.02474891489004963,
        0.024423160487848993,
        0.024625424524464,
        0.02451914087340167,
        0.024779971910573687,
        0.023868766042921027,
        0.023636030089530448,
        0.024309645822351893
      ],
      "scale": [
        0.009759336808028164,
        0.009433899317406425,
        0.00956108426561022,
        0.009293621800041466,
        0.010360006556710363,
        0.010194175914992767,
        0.009330879304198899,
        0.009389089308255934
      ]
    },
    "19": {
      "mean": [
        0.002248433662652654,
        0.002357689922388861,
        0.002524171806835117,
        0.0020066084334749807,
        0.002058316573878459,
        0.002415875437568291,
        0.0020751433233435414,
        0.002229084217652466
      ],
      "scale": [
        0.005825432724689118,
        0.006485084260707482,
        0.007144254473280071,
        0.004872329456972655,
        0.0056292115629794975,
        0.006264609234453496,
        0.005072193628308801,
        0.005703993833060959
      ]
    },
    "2": {
      "mean": [
        0.012857093637369458,
        0.012371435442728307,
        0.012826097028193874,
        0.012955385016522013,
        0.012778113318065039,
        0.013093981096030907,
        0.012352470706779485,
        0.01288430354272093
      ],
      "scale": [
        0.008921231449360807,
        0.007381764769926807,
        0.008207090309705541,
        0.0082163837924098,
        0.008531929883016662,
        0.008333676085979578,
        0.00728890235281209,
        0.008078671099659701
      ]
    },
    "20": {
      "mean": [
        0.02895766714705125,
        0.02968814099019889,
        0.030109961600930903,
        0.030034077295479668,
        0.030245450338480927,
        0.030620166415202304,
        0.03186857749145701,
        0.032109184145867525
      ],
      "scale": [
        0.023794469762542333,
        0.025859944514560355,
        0.02541473078615596,
        0.027149987959972994,
        0.026071849217839296,
        0.02527768889280454,
        0.02835397642043611,
        0.027098996654258297
      ]
    },
    "21": {
      "mean": [
        0.024995122904927534,
        0.02473282633059286,
        0.025265842846227838,
        0.025104297651822007,
        0.02518355633906689,
        0.02517148387883524,
        0.025067394476343662,
        0.025880353410717507
      ],